{"cameraMode":{"drawMode":0,"name":"Shaded","section":"Shading Mode"},"sceneLighting":true,"audioPlay":false,"sceneViewState":{"showFog":false,"showMaterialUpdate":false,"showSkybox":true,"showFlares":true,"showImageEffects":true,"showParticleSystems":true,"showVisualEffectGraphs":true,"m_FxEnabled":true},"in2DMode":false,"pivot":{"x":-1.0649971961975098,"y":4.741207122802734,"z":-13.150178909301758},"rotation":{"x":0.18307873606681825,"y":-0.007039966527372599,"z":0.0011561840074136854,"w":0.9830750823020935},"size":15.965149879455567,"orthographic":false}