{"cameraMode":{"drawMode":0,"name":"Shaded","section":"Shading Mode"},"sceneLighting":true,"audioPlay":false,"sceneViewState":{"showFog":false,"showMaterialUpdate":false,"showSkybox":true,"showFlares":true,"showImageEffects":true,"showParticleSystems":true,"showVisualEffectGraphs":true,"m_FxEnabled":true},"in2DMode":false,"pivot":{"x":-2.1344008445739748,"y":1.2861740589141846,"z":0.00899958610534668},"rotation":{"x":-0.09635896980762482,"y":0.5782287120819092,"z":-0.06902433186769486,"w":-0.8072170615196228},"size":5.9832048416137699,"orthographic":false}