{"cameraMode":{"drawMode":0,"name":"Shaded","section":"Shading Mode"},"sceneLighting":true,"audioPlay":false,"sceneViewState":{"showFog":false,"showMaterialUpdate":false,"showSkybox":true,"showFlares":true,"showImageEffects":true,"showParticleSystems":true,"showVisualEffectGraphs":true,"m_FxEnabled":true},"in2DMode":false,"pivot":{"x":605.2786254882813,"y":339.87322998046877,"z":-31.98565673828125},"rotation":{"x":-0.03411576524376869,"y":0.00622835336253047,"z":-0.0001884439989225939,"w":-0.9994803667068481},"size":326.8703918457031,"orthographic":false}