{"cameraMode":{"drawMode":0,"name":"Shaded","section":"Shading Mode"},"sceneLighting":true,"audioPlay":false,"sceneViewState":{"showFog":false,"showMaterialUpdate":false,"showSkybox":true,"showFlares":true,"showImageEffects":true,"showParticleSystems":true,"showVisualEffectGraphs":true,"m_FxEnabled":true},"in2DMode":false,"pivot":{"x":-6.2476935386657719,"y":-29.435436248779298,"z":9.678474426269532},"rotation":{"x":-0.6911076903343201,"y":-0.013900335878133774,"z":0.013345497660338879,"w":-0.7226086854934692},"size":41.528900146484378,"orthographic":false}