{"cameraMode":{"drawMode":0,"name":"Shaded","section":"Shading Mode"},"sceneLighting":true,"audioPlay":false,"sceneViewState":{"showFog":false,"showMaterialUpdate":false,"showSkybox":true,"showFlares":true,"showImageEffects":true,"showParticleSystems":true,"showVisualEffectGraphs":true,"m_FxEnabled":true},"in2DMode":false,"pivot":{"x":644.7572631835938,"y":363.60455322265627,"z":547.0997314453125},"rotation":{"x":-0.002619977807626128,"y":-0.017769688740372659,"z":0.00006519997987197712,"w":-0.9999205470085144},"size":682.8440551757813,"orthographic":false}